"","LS","rolling-LS","Kalman"
"volatility",0.000961,0.001084,0.000743
"StdDev Sharpe (Rf=0%, p=95%):",0.050247,-0.011032,0.012807
"VaR Sharpe (Rf=0%, p=95%):",0.034007,-0.007074,0.008065
"ES Sharpe (Rf=0%, p=95%):",0.022922,-0.005244,0.004991
"Holding period",46.166667,62.6,15.583333
"cumulative return",0.019687,-0.004926,0.003921
